product_id,current_price,demand,inventory,competitor_price,seasonal_factor,optimal_price
P001,500,80,30,520,1.2,540
P002,800,60,50,780,1.0,790
P003,300,90,20,320,1.3,350
P004,1200,40,80,1150,0.9,1120
P005,650,70,25,670,1.1,690
P006,450,50,60,430,1.0,440
P007,1000,85,15,980,1.4,1080
P008,750,30,90,720,0.8,700
P009,550,95,10,580,1.5,620
P010,900,65,40,920,1.1,930
P011,400,75,35,390,1.2,430
P012,1500,45,70,1450,0.9,1420
P013,700,88,18,730,1.3,780
P014,350,55,55,340,1.0,345
P015,1100,92,12,1080,1.4,1200
P016,600,35,85,620,0.8,580
P017,850,78,28,830,1.2,890
P018,250,98,8,270,1.5,290
P019,1300,52,65,1280,0.9,1250
P020,950,68,45,970,1.1,990