date,demand,current_price,inventory,competitor_price
2026-01-01,60,500,50,510
2026-01-02,63,500,48,510
2026-01-03,65,505,46,515
2026-01-04,68,505,44,515
2026-01-05,70,510,42,520
2026-01-06,72,510,40,520
2026-01-07,75,515,38,525
2026-01-08,73,515,40,525
2026-01-09,78,520,36,530
2026-01-10,80,520,34,530
2026-01-11,82,525,32,535
2026-01-12,85,525,30,535
2026-01-13,88,530,28,540
2026-01-14,90,530,26,540
2026-01-15,87,525,29,535
2026-01-16,84,525,32,535
2026-01-17,81,520,35,530
2026-01-18,79,520,37,530
2026-01-19,76,515,40,525
2026-01-20,74,515,42,525
2026-01-21,71,510,45,520
2026-01-22,69,510,47,520
2026-01-23,66,505,50,515
2026-01-24,64,505,52,515
2026-01-25,62,500,55,510
2026-01-26,65,500,53,510
2026-01-27,68,505,50,515
2026-01-28,72,510,47,520
2026-01-29,76,515,43,525
2026-01-30,80,520,39,530